title_folded,actor1,actor2,genre1,genre2,country
#alive,Yoo Ah In,Park Shin Hye,Thriller,Mystery,South Korea
1 litre no namida,Sawajiri Erika,Nishikido Ryo,Romance,Drama,Japan
100 days my prince,Doh Kyung Soo,Nam Ji Hyun,Historical,Comedy,South Korea
100-manen no onna-tachi,Noda Yojiro,Matsui Rena,Thriller,Mystery,Japan
18 again,Kim Ha Neul,Yoon Sang Hyun,Romance,Life,South Korea
2 moons,Bas Hatsanat Piniwat,God Itthipat Thanit,Comedy,Romance,Thailand
2 moons 2,Earth Teerapat Ruangritkul,Ben Benjamin Brasier,Comedy,Romance,Thailand
200 pounds beauty,Joo Jin Mo,Kim Ah Joong,Music,Comedy,South Korea
20th century girl,Kim You Jung,Byeon Woo Seok,Romance,Youth,South Korea
2gether,Win Metawin Opas-iamkajorn,Bright Vachirawit Chivaaree,Music,Comedy,Thailand
"3 nen a gumi: ima kara mina-san wa, hitojichi desu",Suda Masaki,Nagano Mei,Action,Thriller,Japan
3-iron,Jae Hee,Lee Seung Yeon,Mystery,Romance,South Korea
30-sai made dotei da to mahotsukai ni nareru rashii,Akaso Eiji,Machida Keita,Comedy,Romance,Japan
38 task force,Ma Dong Seok,Seo In Guk,Mystery,Comedy,South Korea
49 days,Lee Yo Won,Nam Gyu Ri,Romance,Drama,South Korea
5-ji kara 9-ji made,Ishihara Satomi,Yamashita Tomohisa,Comedy,Romance,Japan
a beautiful mind,Jang Hyuk,Park So Dam,Mystery,Psychological,South Korea
a day,Yu Chang Hae,Kim Wan Tae,Romance,Life,South Korea
a frozen flower,Zo In Sung,Joo Jin Mo,Historical,Romance,South Korea
a gentleman's dignity,Jang Dong Gun,Kim Ha Neul,Comedy,Romance,South Korea
a killer paradox,Choi  Woo Shik,Son Suk Ku,Thriller,Mystery,South Korea
a korean odyssey,Lee Seung Gi,Cha Seung Won,Horror,Comedy,South Korea
a love so beautiful,Kim Yo Han,So Ju Yeon,Comedy,Romance,South Korea
a man and a woman,Jeon Do Yeon,Gong Yoo,Romance,Life,South Korea
a millionaire's first love,Hyun Bin,Lee Yun Hee,Romance,Drama,South Korea
a moment to remember,Jung Woo Sung,Son Ye Jin,Romance,Drama,South Korea
a tale of thousand stars,Mix Sahaphap Wongratch,Earth Pirapat Watthanasetsiri,Romance,Drama,Thailand
a tale of two sisters,Kim Gab Soo,Yeom Jung Ah,Thriller,Mystery,South Korea
a taxi driver,Song Kang Ho,Thomas Kretschmann,Action,Drama,South Korea
a werewolf boy,Song Joong Ki,Park Bo Young,Romance,Drama,South Korea
about is love,Yan Xi,Xu Xiao Nuo,Romance,Life,China
abyss,Park Bo Young,Ahn Hyo Seop,Mystery,Comedy,South Korea
accidentally in love,Amy Sun,Guo Jun Chen,Comedy,Romance,China
addicted,Timmy Xu,Johnny Huang,Romance,Youth,China
advance bravely,Gong Jun,Jason Xu,Action,Military,China
after the rain,Komatsu Nana,Oizumi Yo,Romance,Youth,Japan
aftermath,Kim Dong Jun,Sun Joo Ah,Action,Thriller,South Korea
aftermath season 2,Kim Dong Jun,Sun Joo Ah,Action,Thriller,South Korea
age of youth,Han Ye Ri,Han Seung Yeon,Comedy,Romance,South Korea
age of youth season 2,Han Ye Ri,Han Seung Yeon,Mystery,Comedy,South Korea
ajin: demi-human,Satoh Takeru,Ayano Go,Action,Mystery,Japan
alchemy of souls,Lee Jae Wook,Jung So Min,Action,Historical,South Korea
alchemy of souls season 2: light and shadow,Lee Jae Wook,Go Youn Jung,Action,Historical,South Korea
algernon ni hanataba wo,Yamashita Tomohisa,Kuriyama Chiaki,Life,Sci-Fi,Japan
all of us are dead,Park Ji Hu,Yoon Chan Young,Action,Thriller,South Korea
along with the gods 2: the last 49 days,Ha Jung Woo,Ju Ji Hoon,Action,Drama,South Korea
along with the gods: the two worlds,Ha Jung Woo,Cha Tae Hyun,Action,Drama,South Korea
always,So Ji Sub,Han Hyo Joo,Romance,Life,South Korea
ameiro paradox,Kimura Keito,Yamanaka Jyutaro,Comedy,Romance,Japan
angel's last mission: love,L,Shin Hye Sun,Comedy,Romance,South Korea
angry mom,Kim Hee Sun,Ji Hyun Woo,Comedy,Drama,South Korea
"ano ko no, toriko",Yoshizawa Ryo,Araki Yuko,Romance,Youth,Japan
another miss oh,Eric Mun,Seo Hyun Jin,Comedy,Romance,South Korea
antique bakery,Ju Ji Hoon,Kim Jae Wook,Food,Thriller,South Korea
arang and the magistrate,Lee Joon Gi,Shin Min Ah,Historical,Comedy,South Korea
architecture 101,Uhm Tae Woong,Han Ga In,Romance,Melodrama,South Korea
are you human too?,Seo Kang Joon,Gong Seung Yeon,Comedy,Romance,South Korea
are you ready? hey you girl!,Nakagawa Taishi,Ito Kentaro,Comedy,Romance,Japan
arsenal military academy,Bai Lu,Xu Kai,Action,Military,China
arthdal chronicles part 1: the children of prophecy,Song Joong Ki,Jang Dong Gun,Historical,Romance,South Korea
"arthdal chronicles part 2: the sky turning inside out, rising land",Song Joong Ki,Jang Dong Gun,Historical,Romance,South Korea
arthdal chronicles part 3: the prelude to all legends,Song Joong Ki,Jang Dong Gun,Historical,Romance,South Korea
as long as we both shall live,Imada Mio,Meguro Ren,Historical,Romance,Japan
as one,Ha Ji Won,Bae Doo Na,Drama,Sports,South Korea
as the gods will,Fukushi Sota,Yamazaki Hirona,Thriller,Horror,Japan
ashes of love,Yang Zi,Deng Lun,Romance,Wuxia,China
atashinchi no danshi,Horikita Maki,Kaname Jun,Comedy,Drama,Japan
autumn's concerto,Vanness Wu,Ady An,Romance,Drama,Taiwan
avengers social club,Lee Yo Won,Ra Mi Ran,Comedy,Life,South Korea
baby & i,Jang Geun Suk,Moon Mason,Comedy,Youth,South Korea
back from the brink,Neo Hou,Zhou Ye,Romance,Wuxia,China
bad and crazy,Lee Dong Wook,Wi Ha Joon,Action,Thriller,South Korea
bad buddy,Nanon Korapat Kirdpan,Ohm Pawat Chittsawangdee,Comedy,Romance,Thailand
bad genius,June Plearnpichaya Komalarajun,Jaonaay Jinjett Wattanasin,Thriller,Youth,Thailand
bad guys,Surasak Wongthai,Got Jirayu Tantrakul,Action,Thriller,Thailand
ballerina,Jeon Jong Seo,Kim Ji Hoon,Action,Thriller,South Korea
battle royale,Fujiwara Tatsuya,Maeda Aki,Action,Adventure,Japan
be loved in house: i do,Aaron Lai,Hank Wang,Comedy,Romance,Taiwan
be melodramatic,Chun Woo Hee,Jeon Yeo Been,Comedy,Romance,South Korea
be with you,Ji Xiao Bing,Zhang Ya Qin,Comedy,Romance,China
because of you,Lee Shi Kang,Muji Hsu,Comedy,Romance,Taiwan
because this is my first life,Jung So Min,Lee Min Ki,Comedy,Romance,South Korea
begin again,Bai Bai He,Zhang Zi Feng,Life,N/A,China
behind your smile,Marcus Chang,Eugenie Liu,Thriller,Romance,Taiwan
better days,Chesther Chua,Benedix Ramos,Romance,Drama,Philippines
beyond evil,Shin Ha Kyun,Yeo Jin Goo,Thriller,Mystery,South Korea
big mouth,Lee Jong Suk,Im Yoon Ah,Thriller,Mystery,South Korea
black,Song Seung Heon,Go A Ra,Thriller,Mystery,South Korea
black knight,Kim Woo Bin,Song Seung Heon,Action,Adventure,South Korea
bleach,Fukushi Sota,Sugisaki Hana,Action,Comedy,Japan
blind,Kim Ha Neul,Yoo Seung Ho,Action,Thriller,South Korea
bloodhounds,Woo Do Hwan,Lee Sang Yi,Action,Thriller,South Korea
bloody monday,Miura Haruma,Narimiya Hiroki,Action,Thriller,Japan
blue,Ichikawa Mikako,Konishi Manami,Romance,Life,Japan
blue spring ride,Honda Tsubasa,Higashide Masahiro,Comedy,Romance,Japan
blueming,Jo Hyuk Joon,Kang Eun Bin,Romance,Youth,South Korea
boku dake ga inai machi,Furukawa Yuki,Uchikawa Reo,Thriller,Mystery,Japan
"boku, unmei no hito desu",Kamenashi Kazuya,Kimura Fumino,Comedy,Romance,Japan
boss & me,Zhao Li Ying,Hans Zhang,Business,Comedy,China
boys over flowers,Gu Hye Seon,Lee Min Ho,Comedy,Romance,South Korea
bride of the century,Yang  Jin Sung,Lee Hong Ki,Mystery,Comedy,South Korea
"bring it on, ghost",Ok Taec Yeon,Kim So Hyun,Horror,Comedy,South Korea
bromance,Baron Chen,Megan Lai,Comedy,Romance,Taiwan
bunny drop,Matsuyama Kenichi,Ashida Mana,Comedy,Life,Japan
burning,Yoo Ah In,Steven Yeun,Thriller,Mystery,South Korea
business proposal,Ahn Hyo Seop,Kim Se Jeong,Comedy,Romance,South Korea
buzzer beat,Yamashita Tomohisa,Kitagawa Keiko,Music,Romance,Japan
call it love,Kim Young Kwang,Lee Sung Kyung,Romance,Drama,South Korea
catch me,Joo Won,Kim Ah Joong,Comedy,Romance,South Korea
celebrity,Park Gyu Young,Kang Min Hyuk,Thriller,Mystery,South Korea
cheese in the trap,Park Hae Jin,Oh Yeon Seo,Psychological,Romance,South Korea
cherry blossoms after winter,Ok Jin Uk,Kang Hui,Romance,Youth,South Korea
cherry magic! thirty years of virginity can make you a wizard?!: the movie,Akaso Eiji,Machida Keita,Romance,Life,Japan
chicago typewriter,Yoo Ah In,Lim Soo Jung,Comedy,Romance,South Korea
chihayafuru 2: shimo no ku,Hirose Suzu,Nomura Shuhei,Comedy,Romance,Japan
chihayafuru: kami no ku,Hirose Suzu,Nomura Shuhei,Comedy,Youth,Japan
chocolate,Yoon Kye Sang,Ha Ji Won,Romance,Life,South Korea
chugakusei nikki,Arimura Kasumi,Mizukami Koshi,Romance,Youth,Japan
cinderella and the four knights,Park So Dam,Jung Il Woo,Comedy,Romance,South Korea
circle,Yeo Jin Goo,Kim Kang Woo,Thriller,Mystery,South Korea
city hunter,Lee Min Ho,Park Min Young,Action,Thriller,South Korea
cj7,Stephen Chow,Xu Jiao,Comedy,Drama,Hong Kong
clean with passion for now,Yoon Kyun Sang,Kim You Jung,Business,Comedy,South Korea
close range love,Yamashita Tomohisa,Komatsu Nana,Romance,Youth,Japan
close-knit,Kakihara Rinka,Ikuta Toma,Life,Drama,Japan
code blue,Yamashita Tomohisa,Aragaki Yui,Drama,Medical,Japan
coffee prince,Gong Yoo,Yoon Eun Hye,Food,Comedy,South Korea
cold case: shinjitsu no tobira,Yoshida Yoh,Nagayama Kento,Thriller,Mystery,Japan
cold eyes,Jung Woo Sung,Han Hyo Joo,Action,Thriller,South Korea
color rush,Yoo Jun,Hur Hyun Jun,Mystery,Romance,South Korea
come and hug me,Jang Ki Yong,Jin Ki Joo,Thriller,Mystery,South Korea
commuting to school series: commuter tram,Matsui Airi,Chiba Yudai,Romance,Youth,Japan
confession,Ji Sung,Ju Ji Hoon,Thriller,Crime,South Korea
confession of murder,Jung Jae Young,Park Shi Hoo,Action,Thriller,South Korea
confessions,Matsu Takako,Nishii  Yukito,Thriller,Psychological,Japan
confidential assignment,Hyun Bin,Yoo Hae Jin,Action,Thriller,South Korea
crash course in romance,Jeon Do Yeon,Jung Kyung Ho,Thriller,Mystery,South Korea
crash landing on you,Hyun Bin,Son Ye Jin,Military,Comedy,South Korea
crazy little thing called love,Mario Maurer,Baifern Pimchanok Luevisadpaibul,Comedy,Romance,Thailand
crazy love,Kim Jae Wook,Krystal Jung,Comedy,Romance,South Korea
criminal minds,Son Hyun Joo,Lee Joon Gi,Action,Mystery,South Korea
"crouching tiger, hidden dragon",Zhang Zi Yi,Michelle Yeoh,Romance,Wuxia,China
crows zero,Oguri Shun,Yamada Takayuki,Action,Thriller,Japan
crows zero 2,Oguri Shun,Yamada Takayuki,Action,Thriller,Japan
cruel city,Jung Kyung Ho,Nam Gyu Ri,Action,Thriller,South Korea
crush,Evan Lin,Wan Peng,Romance,Life,China
cunning single lady,Lee Min Jung,Joo Sang Wook,Business,Comedy,South Korea
cutie pie,NuNew Chawarin Perdpiriyawong,Zee Pruk Panich,Business,Comedy,Thailand
cyborg she,Ayase Haruka,Koide Keisuke,Action,Comedy,Japan
d.p.,Jung Hae In,Koo Kyo Hwan,Action,Military,South Korea
d.p. season 2,Jung Hae In,Koo Kyo Hwan,Action,Military,South Korea
dali and the cocky prince,Park Gyu Young,Kim Min Jae,Comedy,Romance,South Korea
dark blue kiss,Tay Tawan Vihokratana,New Thitipoom Techa-apaikhun,Comedy,Romance,Thailand
daytime shooting star,Nagano Mei,Shirahama Alan,Romance,Youth,Japan
death bell,Kim Bum,Nam Gyu Ri,Thriller,Horror,South Korea
death note,Kubota Masataka,Yamazaki Kento,Thriller,Mystery,Japan
death note: the last name,Fujiwara Tatsuya,Matsuyama Kenichi,Thriller,Mystery,Japan
death's game,Seo In Guk,Park So Dam,Thriller,Drama,South Korea
death's game part 2,Motoki Masahiro,Hirosue Ryoko,Life,Drama,Japan
defendant,Ji Sung,Uhm Ki Joon,Thriller,Mystery,South Korea
departures,Motoki Masahiro,Hirosue Ryoko,Life,Drama,Japan
descendants of the sun,Song Joong Ki,Song Hye Kyo,Action,Comedy,South Korea
detective chinatown,Wang Bao Qiang,Liu Hao Ran,Action,Mystery,China
devil beside you,Rainie Yang,Mike He,Comedy,Romance,Taiwan
ditto,Yeo Jin Goo,Cho Yi Hyun,Romance,Drama,South Korea
doctor prisoner,Namkoong Min,Kwon Na Ra,Thriller,Law,South Korea
doctor slump,Park Hyung Sik,Park Shin Hye,Comedy,Romance,South Korea
doctor stranger,Lee Jong Suk,Jin Se Yeon,Thriller,Romance,South Korea
doctors,Kim Rae Won,Park Shin Hye,Comedy,Romance,South Korea
doom at your service,Park Bo Young,Seo In Guk,Comedy,Romance,South Korea
doona!,Bae Suzy,Yang Se Jong,Romance,Youth,South Korea
door lock,Gong Hyo Jin,Kim Ye Won,Thriller,Mystery,South Korea
dr. romantic,Han Seok Kyu,Yoo Yeon Seok,Romance,Drama,South Korea
dr. romantic season 2,Han Seok Kyu,Ahn Hyo Seop,Romance,Drama,South Korea
"dr. romantic: appendix, the beginning of everything",Han Seok Kyu,Kim Hye Soo,Romance,Medical,South Korea
drama special series season 1: white christmas,Kim Sang Kyung,Baek Sung Hyun,Thriller,Mystery,South Korea
dream,Park Seo Joon,IU,Comedy,Drama,South Korea
dream high,Bae Suzy,Kim Soo Hyun,Music,Comedy,South Korea
drowning love,Komatsu Nana,Suda Masaki,Romance,Life,Japan
emergency couple,Song Ji Hyo,Choi Jin Hyuk,Comedy,Romance,South Korea
empress ki,Ha Ji Won,Ji Chang Wook,Historical,Romance,South Korea
en of love: love mechanics,War Wanarat Ratsameerat,Yin Anan Wong,Romance,Youth,Thailand
encounter,Song Hye Kyo,Park Bo Gum,Romance,Drama,South Korea
eternal love,Yang Mi,Mark Chao,Romance,Wuxia,China
eulachacha waikiki,Kim Jung Hyun,Lee Yi Kyung,Comedy,Life,South Korea
evergreen love,Takahata Mitsuki,Iwata Takanori,Food,Romance,Japan
exit,Choi  Tae Joon,Woo Hyun,Psychological,Family,South Korea
exo next door,Park Chan Yeol,Mun Ka Young,Music,Comedy,South Korea
extracurricular,Kim Dong Hee,Park Ju Hyun,Psychological,Crime,South Korea
extraordinary attorney woo,Park Eun Bin,Kang Tae Oh,Law,Romance,South Korea
extraordinary you,Kim Hye Yoon,Ro Woon,Comedy,Romance,South Korea
extreme job,Ryu Seung Ryong,Lee Ha Nee,Action,Mystery,South Korea
f4 thailand: boys over flowers,Tu Tontawan Tantivejakul,Bright Vachirawit Chivaaree,Comedy,Romance,Thailand
fabricated city,Ji Chang Wook,Shim Eun Kyung,Action,Thriller,South Korea
faith,Kim Hee Sun,Lee Min Ho,Historical,Romance,South Korea
fall in love,Chen Xing Xu,Zhang Jing Yi,Historical,Mystery,China
fall in love at first kiss,Darren Wang,Jelly Lin,Comedy,Romance,Taiwan
fall in love like a star,Li Yi Feng,Yang Mi,Comedy,Romance,China
fall in love with me,Aaron Yan,Tia Lee,Comedy,Romance,Taiwan
falling for do jeon,Kim So Eun,Xiumin,Comedy,Romance,South Korea
falling for innocence,Jung Kyung Ho,Kim So Yeon,Business,Comedy,South Korea
falling in love with a rival,Wang Qing,Feng Jian Yu,Romance,Drama,China
falling into your smile,Xu Kai,Cheng Xiao,Comedy,Romance,China
farewell my concubine,Leslie Cheung,Zhang Feng Yi,Music,Historical,China
fated to love you,Jang Hyuk,Jang Na Ra,Business,Comedy,South Korea
fight for my way,Park Seo Joon,Kim Ji Won,Business,Comedy,South Korea
find me in your memory,Kim Dong Wook,Mun Ka Young,Romance,Drama,South Korea
finding mr. destiny,Lim Soo Jung,Gong Yoo,Comedy,Romance,South Korea
first love,Hawick Lau,Gulnezer Bextiyar,Comedy,Romance,China
first love again,Jin Gun,Jeon Chang Ha,Comedy,Romance,South Korea
first love: hatsukoi,Mitsushima Hikari,Satoh Takeru,Romance,Drama,Japan
fish upon the sky,Phuwin Tangsakyuen,Pond Naravit Lertratkosum,Comedy,Romance,Thailand
flower boy next door,Park Shin Hye,Yoon Shi Yoon,Comedy,Romance,South Korea
flower boy ramen shop,Jung Il Woo,Lee Chung Ah,Food,Comedy,South Korea
flower of evil,Lee Joon Gi,Moon Chae Won,Thriller,Romance,South Korea
flying colors,Arimura Kasumi,Ito Atsushi,Life,Youth,Japan
forecasting love and weather,Park Min Young,Song Kang,Romance,Drama,South Korea
forever love,Wang An Yu,Julia Xiang,Comedy,Romance,China
forgotten,Kang Ha Neul,Kim Mu Yeol,Thriller,Mystery,South Korea
friend zone,Baifern Pimchanok Luevisadpaibul,Nine Naphat Siangsomboon,Comedy,Romance,Thailand
from me to you,Tabe Mikako,Miura Haruma,Life,Youth,Japan
"from now on, showtime!",Park Hae Jin,Jin Ki Joo,Mystery,Comedy,South Korea
fukou-kun wa kiss suru shikanai!,Sota Ryosuke,Sato Yusuke,Comedy,Romance,Japan
full house,Rain,Song Hye Kyo,Comedy,Romance,South Korea
full house take 2,Noh Min Woo,Hwang Jung Eum,Comedy,Romance,South Korea
fullmetal alchemist 1,Yamada Ryosuke,Mizuishi Atomu,Action,Adventure,Japan
gameboys,Kokoy de Santos,Elijah Canlas,Comedy,Romance,Philippines
ghost,So Ji Sub,Lee Yun Hee,Thriller,Mystery,South Korea
gintama,Oguri Shun,Suda Masaki,Adventure,Historical,Japan
girl from nowhere,Kitty Chicha Amatayakul,Gap Thanavate Siriwattanagul,Mystery,Psychological,Thailand
given,Suzuki Jin,Sanari,Music,Romance,Japan
go ahead,Tan Song Yun,Song Wei Long,Comedy,Romance,China
go back couple,Jang Na Ra,Son Ho Jun,Comedy,Romance,South Korea
go go squid!,Yang Zi,Li Xian,Comedy,Romance,China
go ho's starry night,Kwon Yu Ri,Kim Young Kwang,Business,Comedy,South Korea
goblin,Gong Yoo,Kim Go Eun,Comedy,Romance,South Korea
god's gift: 14 days,Lee Bo Young,Cho Seung Woo,Thriller,Mystery,South Korea
gokusen,Nakama Yukie,Matsumoto Jun,Action,Comedy,Japan
gokusen 2,Nakama Yukie,Kamenashi Kazuya,Action,Comedy,Japan
good doctor,Neng Sarun Naraprasertkul,Pat Chayanit Chansangavej,Romance,Life,Thailand
good manager,Namkoong Min,Nam Sang Mi,Business,Comedy,South Korea
good morning call,Fukuhara Haruka,Shiraishi Shunya,Comedy,Romance,Japan
good morning call: our campus days,Fukuhara Haruka,Shiraishi Shunya,Comedy,Romance,Japan
goong,Yoon Eun Hye,Ju Ji Hoon,Comedy,Romance,South Korea
gu family book,Lee Seung Gi,Bae Suzy,Action,Historical,South Korea
gyeongseong creature,Park Seo Joon,Han So Hee,Action,Thriller,South Korea
hajimete koi wo shita hi ni yomu hanashi,Fukada Kyoko,Yokohama Ryusei,Comedy,Romance,Japan
han gong ju,Chun Woo Hee,Jung In Sun,Youth,Drama,South Korea
hana yori dango,Tanihara Shosuke,Uchida Yuki,Comedy,Romance,Japan
hana yori dango final,Matsumoto Jun,Inoue Mao,Comedy,Romance,Japan
hana yori dango season 2,Inoue Mao,Matsumoto Jun,Comedy,Romance,Japan
hanazakari no kimitachi e,Horikita Maki,Oguri Shun,Comedy,Romance,Japan
hanzawa naoki,Sakai Masato,Ueto Aya,Thriller,Business,Japan
happiness,Han Hyo Joo,Park Hyung Sik,Action,Thriller,South Korea
happy together,Park Sung Woong,Song Sae Byuk,Music,Comedy,South Korea
he is psychometric,Park Jin Young,Shin Ye Eun,Thriller,Mystery,South Korea
he's coming to me,Singto Prachaya Ruangroj,Ohm Pawat Chittsawangdee,Mystery,Comedy,Thailand
healer,Ji Chang Wook,Park Min Young,Action,Thriller,South Korea
hear me,Ivy Chen,Eddie Peng,Comedy,Romance,Taiwan
heartbeat love,Show Lo,Rainie Yang,Comedy,Romance,Taiwan
heartstrings,Park Shin Hye,Jung Yong Hwa,Music,Romance,South Korea
heavenly forest,Tamaki Hiroshi,Miyazaki Aoi,Mystery,Romance,Japan
hellbound,Yoo Ah In,Kim Hyun Joo,Mystery,Horror,South Korea
hello monster,Seo In Guk,Jang Na Ra,Thriller,Mystery,South Korea
hello stranger,Tony Labrusca,JC Alcantara,Comedy,Romance,Philippines
her private life,Park Min Young,Kim Jae Wook,Business,Comedy,South Korea
hero,Yang Dong Geun,Han Chae Ah,Action,Fantasy,South Korea
heroine disqualified,Kiritani Mirei,Yamazaki Kento,Comedy,Romance,Japan
hi! school - love on,Kim Sae Ron,Nam Woo Hyun,Romance,Youth,South Korea
hidden love,Peter Chonpachara Jeepetch,Bosszo Thawatchanin Darayon,Horror,Comedy,Thailand
high school debut,Mizobata Junpei,Ohno Ito,Comedy,Romance,Japan
high school king of savvy,Seo In Guk,Lee  Ha Na,Comedy,Romance,South Korea
high society,Uee,Sung Joon,Business,Comedy,South Korea
high-end crush,Jung Il Woo,Jin Se Yeon,Comedy,Romance,South Korea
himizu,Sometani Shota,Nikaido Fumi,Thriller,Mystery,Japan
hirugao,Ueto Aya,Kichise Michiko,Romance,Drama,Japan
his,Miyazawa Hio,Fujiwara Kisetsu,Romance,Life,Japan
his - koisuru tsumori nante nakatta,Kusakawa Naoya,Kura Yuki,Romance,Youth,Japan
history2: crossing the line,Zach Lu,Fandy Fan,Romance,Youth,Taiwan
history2: right or wrong,Steven Jiang,Hunt Chang,Romance,Life,Taiwan
history3: make our days count,Wayne Song,Huang Chun Chih,Romance,Life,Taiwan
history3: trapped,Jake Hsu,Chris Wu,Action,Thriller,Taiwan
history4: close to you,An Jun Peng,Charles Tu,Comedy,Romance,Taiwan
history: my hero,Aaron Lai,Jiang Yun Lin,Comedy,Romance,Taiwan
history: obsessed,Bernard He,Teddy Ren,Romance,Youth,Taiwan
history: stay away from me,Duke Wu,Edison Song,Romance,N/A,Taiwan
hit the top,Yoon Shi Yoon,Lee Se Young,Comedy,Romance,South Korea
hold me,Jeon Yeong In,Hong Min Ki,Romance,Youth,South Korea
hometown cha-cha-cha,Shin Min Ah,Kim Seon Ho,Comedy,Romance,South Korea
honey,Hirano Sho,Taira Yuna,Comedy,Romance,Japan
hope,Sul Kyung Gu,Uhm Ji Won,Psychological,Life,South Korea
hospital playlist,Jo Jung Suk,Yoo Yeon Seok,Comedy,Life,South Korea
hospital playlist season 2,Jo Jung Suk,Yoo Yeon Seok,Romance,Life,South Korea
hot young bloods,Park Bo Young,Lee Jong Suk,Comedy,Romance,South Korea
hotaru no hikari,Ayase Haruka,Fujiki Naohito,Business,Comedy,Japan
hotel del luna,IU,Yeo Jin Goo,Horror,Comedy,South Korea
house of flying daggers,Andy Lau,Zhang Zi Yi,Romance,Wuxia,China
hua jai sila,Tor Thanapob Leeratanakachorn,Fern Nopjira Lerkkajornnamkul,Romance,Crime,Thailand
hwarang,Park Seo Joon,Go A Ra,Action,Historical,South Korea
hwayi: a monster boy,Kim Yoon Seok,Yeo Jin Goo,Action,Thriller,South Korea
hyena,Seung Ha,Lee Mi Na,Romance,Drama,South Korea
i cannot hug you,Xing Zhao Lin,Zhang Yu Xi,Comedy,Romance,China
i give my first love to you,Inoue Mao,Okada Masaki,Romance,Youth,Japan
i hear your voice,Lee Jong Suk,Lee Bo Young,Mystery,Law,South Korea
i saw the devil,Lee Byung Hun,Choi Min Shik,Action,Thriller,South Korea
i told sunset about you,Billkin Putthipong Assaratanakul,PP Krit Amnuaydechkorn,Romance,Youth,Thailand
i want to eat your pancreas,Oguri Shun,Kitamura Takumi,Romance,Youth,Japan
i'm not a robot,Yoo Seung Ho,Chae Soo Bin,Comedy,Romance,South Korea
i'm underage but i'm not a child,Nakajima Kento,Taira Yuna,Comedy,Romance,Japan
ikemen desu ne,Takimoto Miori,Tamamori Yuta,Music,Comedy,Japan
il mare,Jun Ji Hyun,Lee Jung Jae,Sci-Fi,Supernatural,South Korea
imawa no kuni no alice,Yamazaki Kento,Tsuchiya Tao,Action,Thriller,Japan
imawa no kuni no alice season 2,Yamazaki Kento,Tsuchiya Tao,Action,Thriller,Japan
in time with you,Ariel Lin,Chen Bo Lin,Romance,Life,Taiwan
infernal affairs,Him Law,Wang Yang,Action,Thriller,China
innocent witness,Jung Woo Sung,Kim Hyang Gi,Thriller,Mystery,South Korea
intense love,Zhang Yu Xi,Ding Yu Xi,Comedy,Romance,China
introverted boss,Yeon Woo Jin,Park Hye Soo,Business,Comedy,South Korea
ip man,Donnie Yen,Lynn Hung,Action,Historical,Hong Kong
island,Jang Se Won,N/A,Music,N/A,South Korea
it started with a kiss,Ariel Lin,Joe Cheng,Comedy,Romance,Taiwan
it's okay to not be okay,Kim Soo Hyun,Seo Yea Ji,Psychological,Comedy,South Korea
"it's okay, that's love",Zo In Sung,Gong Hyo Jin,Comedy,Romance,South Korea
itaewon class,Park Seo Joon,Kim Da Mi,Business,Romance,South Korea
itazura na kiss 2: love in okinawa,Furukawa Yuki,Yahagi Honoka,Comedy,Romance,Japan
itazura na kiss: love in tokyo,Yahagi Honoka,Furukawa Yuki,Comedy,Romance,Japan
itazura na kiss: love in tokyo season 2,Yahagi Honoka,Furukawa Yuki,Comedy,Romance,Japan
jealousy incarnate,Jo Jung Suk,Gong Hyo Jin,Comedy,Romance,South Korea
joy of life,Zhang Ruo Yun,Li Qin,Mystery,Romance,China
just between lovers,Lee Jun Ho,Won Jin Ah,Psychological,Romance,South Korea
just friends?,Lee Je Hoon,Yeon Woo Jin,Comedy,Romance,South Korea
juvenile justice,Kim Hye Soo,Kim Mu Yeol,Law,Drama,South Korea
kaguya-sama: love is war,Hirano Sho,Hashimoto Kanna,Comedy,Romance,Japan
kahogo no kahoko,Takahata Mitsuki,Takeuchi Ryoma,Comedy,Romance,Japan
kakafukaka,Morikawa  Aoi,Nakao Masaki,Romance,Life,Japan
kazoku game,Sakurai Sho,Kamiki Ryunosuke,Mystery,Psychological,Japan
kieta hatsukoi,Michieda Shunsuke,Meguro Ren,Comedy,Romance,Japan
kill bok soon,Jeon Do Yeon,Sul Kyung Gu,Action,Thriller,South Korea
kill it,Nana,Jang Ki Yong,Action,Thriller,South Korea
"kill me, heal me",Ji Sung,Hwang Jung Eum,Psychological,Comedy,South Korea
kim ji young: born 1982,Jung Yu Mi,Gong Yoo,Psychological,Life,South Korea
kimi wa petto,Iriyama Noriko,Shison Jun,Comedy,Romance,Japan
king the land,Lee Jun Ho,Im Yoon Ah,Comedy,Romance,South Korea
king2hearts,Lee Seung Gi,Ha Ji Won,Military,Comedy,South Korea
kingdom,Ju Ji Hoon,Ryu Seung Ryong,Thriller,Historical,South Korea
kingdom season 2,Ju Ji Hoon,Bae Doo Na,Thriller,Historical,South Korea
kingdom: ashin of the north,Jun Ji Hyun,Kim Shi Ah,Action,Thriller,South Korea
kinnporsche,Mile Phakphum Romsaithong,Apo Nattawin Wattanagitiphat,Action,Romance,Thailand
kiss me,Aom Sushar Manaying,Mike Angelo,Comedy,Romance,Thailand
kleun cheewit,Mark Prin Suparat,Yaya Urassaya Sperbund,Mystery,Romance,Thailand
koi desu: yankee-kun to hakujou garu,Sugisaki Hana,Sugino Yosuke,Comedy,Romance,Japan
koi wa tsuzuku yo doko made mo,Kamishiraishi Mone,Satoh Takeru,Comedy,Romance,Japan
koizora,Mizusawa Erena,Seto Koji,Romance,Youth,Japan
kung fu hustle,Stephen Chow,Huang Sheng Yi,Action,Historical,Hong Kong
kurosagi,Yamashita Tomohisa,Horikita Maki,Action,Thriller,Japan
kurosaki-kun no iinari ni nante naranai,Nakajima Kento,Komatsu Nana,Romance,Youth,Japan
kuzu no honkai,Yoshimoto Miyu,Sakurada Dori,Psychological,Romance,Japan
last cinderella,Shinohara Ryoko,Miura Haruma,Comedy,Romance,Japan
law school,Kim Myung Min,Kim Bum,Mystery,Law,South Korea
lawless lawyer,Lee Joon Gi,Seo Yea Ji,Action,Thriller,South Korea
legal high,Sakai Masato,Aragaki Yui,Mystery,Business,Japan
lesson of the evil,Ito Hideaki,Nikaido Fumi,Thriller,Horror,Japan
liar game,Lee Sang Yoon,Kim So Eun,Thriller,Mystery,South Korea
liar game 2,Toda Erika,Kikuchi Rinko,Thriller,Psychological,Japan
lie to me,Yoon Eun Hye,Kang Ji Hwan,Comedy,Romance,South Korea
life,Lee Dong Wook,Cho Seung Woo,Thriller,Psychological,South Korea
life on mars,Jung Kyung Ho,Park Sung Woong,Action,Mystery,South Korea
life: senjou no bokura,Shirasu Jin,Raiku,Romance,Life,Japan
light on me,Lee Sae On,Kang Yoo Seok,Romance,Youth,South Korea
like in the movies,Ian Pangilinan,Paolo Pangilinan,Comedy,Romance,Philippines
lipstick,Yoo Jun,Cho Ha Eun,Psychological,Life,South Korea
little forest,Lee Seung Gi,Lee Seo Jin,Comedy,Life,South Korea
live,Jung Yu Mi,Lee Kwang Soo,Romance,Life,South Korea
live up to your name,Kim Nam Gil,Kim Ah Joong,Historical,Romance,South Korea
long time no see,Tak Woo Suk,Yeon Seung Ho,Action,Romance,South Korea
lost romance,Marcus Chang,Vivian Sung,Mystery,Comedy,Taiwan
love 911,Go Soo,Han Hyo Joo,Romance,Medical,South Korea
love alarm,Kim So Hyun,Jung Ga Ram,Comedy,Romance,South Korea
love and leashes,Seo Hyun,Lee Jun Young,Comedy,Romance,South Korea
love between fairy and devil,Esther Yu,Dylan Wang,Comedy,Romance,China
love by chance,Saint Suppapong Udomkaewkanjana,Perth Tanapon Sukumpantanasan,Romance,Life,Thailand
love for beginners,Takei Emi,Matsuzaka Tori,Romance,Youth,Japan
love forecast,Lee Seung Gi,Moon Chae Won,Comedy,Romance,South Korea
love in the air,Boss Chaikamon Sermsongwittaya,Noeul Nuttarat Tangwai,Comedy,Romance,Thailand
love in the moonlight,Park Bo Gum,Kim You Jung,Historical,Comedy,South Korea
love in time,Danson Tang,Michelle Wai,Romance,Youth,Hong Kong
love is sweet,Luo Yun Xi,Bai Lu,Business,Comedy,China
love like the galaxy: part 1,Leo Wu,Zhao Lu Si,Historical,Mystery,China
love like the galaxy: part 2,Leo Wu,Zhao Lu Si,Historical,Mystery,China
love me if you dare,Wallace Huo,Ma Si Chun,Thriller,Mystery,China
love next door,A Angkul Jeennukul,Kath Khangpiboon,Comedy,Romance,Thailand
love o2o,Yang Yang,Zheng Shuang,Business,Comedy,China
love scenery,Xu Lu,Lin Yi,Music,Comedy,China
love shuffle,Tamaki Hiroshi,Karina,Psychological,Comedy,Japan
love the way you are,Vivian Sung,Song Wei Long,Comedy,Romance,China
love to hate you,Kim Ok Bin,Yoo Teo,Comedy,Law,South Korea
lovely complex,Fujisawa Ema,Koike Teppei,Comedy,Romance,Japan
lovely runner,Byeon Woo Seok,Kim Hye Yoon,Music,Comedy,South Korea
lovely writer,Up Poompat Iam-samang,Kao Noppakao Dechaphatthanakun,Comedy,Romance,Thailand
lovestruck in the city,Ji Chang Wook,Kim Ji Won,Romance,Life,South Korea
luck-key,Yoo Hae Jin,Lee Joon,Action,Comedy,South Korea
lucky romance,Hwang Jung Eum,Ryu Jun Yeol,Business,Comedy,South Korea
"lust, caution",Tang Wei,Tony Leung,Thriller,Historical,China
lâ™¥dk: two loves under one roof,Kamishiraishi Mone,Sugino Yosuke,Comedy,Romance,Japan
mad dog,Yoo Ji Tae,Woo Do Hwan,Action,Thriller,South Korea
man in love,Roy Chiu,Tiffany Hsu,Romance,Crime,Taiwan
manhole,Uee,Kim Jae Joong,Thriller,Comedy,South Korea
manner of death,Max Nattapol Diloknawarit,Tul Pakorn Thanasrivanitchai,Thriller,Mystery,Thailand
maou,Ohno Satoshi,Ikuta Toma,Thriller,Mystery,Japan
marmalade boy,Sakurai Hinako,Yoshizawa Ryo,Romance,Youth,Japan
marriage contract,Lee Seo Jin,Uee,Romance,Drama,South Korea
"marriage, not dating",Yeon Woo Jin,Han Groo,Comedy,Romance,South Korea
marry my dead body,Greg Hsu,Austin Lin,Action,Mystery,Taiwan
marry my husband,Park Min Young,Na In Woo,Comedy,Romance,South Korea
mars,Barbie Hsu,Vic Zhou,Thriller,Psychological,Taiwan
mary stayed out all night,Jang Geun Suk,Moon Geun Young,Music,Comedy,South Korea
mask,Park Soo Ae,Ju Ji Hoon,Thriller,Psychological,South Korea
masquerade,Lee Byung Hun,Han Hyo Joo,Historical,Comedy,South Korea
master devil do not kiss me,Li Hong Yi,Xing Fei,Comedy,Romance,China
memoir of a murderer,Sul Kyung Gu,Kim Nam Gil,Action,Thriller,South Korea
memories of murder,Song Kang Ho,Kim Sang Kyung,Thriller,Mystery,South Korea
memories of the alhambra,Hyun Bin,Park Shin Hye,Action,Thriller,South Korea
memorist,Yoo Seung Ho,Lee Se Young,Action,Thriller,South Korea
memory,Okada Junichi,Oguri Shun,Mystery,Drama,Japan
meteor garden,Shen Yue,Dylan Wang,Comedy,Romance,China
method,Park Sung Woong,Oh Seung Hoon,Psychological,Romance,South Korea
midnight,Kaku Kento,Kato Konatsu,Action,Drama,Japan
midnight runners,Park Seo Joon,Kang Ha Neul,Action,Mystery,South Korea
midnight sun,Yoshioka YUI,Tsukamoto Takashi,Music,Romance,Japan
minami-kun no koibito - my little lover,Nakagawa Taishi,Yamamoto Maika,Comedy,Romance,Japan
miracle in cell no. 7,Ryu Seung Ryong,Gal So Won,Comedy,Drama,South Korea
mirror of the witch,Yoon Shi Yoon,Kim Sae Ron,Historical,Romance,South Korea
misaeng: incomplete life,Yim Si Wan,Lee Sung Min,Business,Life,South Korea
miss granny,Na Moon Hee,Shim Eun Kyung,Music,Comedy,South Korea
missing 9,Jung Kyung Ho,Baek Jin Hee,Adventure,Mystery,South Korea
missing noir m,Kim Kang Woo,Park Hee Soon,Thriller,Mystery,South Korea
missing you,Yoon Eun Hye,Park Yoo Chun,Romance,Drama,South Korea
mission 1: possible,Kim Young Kwang,Lee Sun Bin,Action,Thriller,South Korea
missions of love,Tamashiro Tina,Koseki Yuta,Comedy,Romance,Japan
monster,Lee Min Ki,Kim Go Eun,Action,Thriller,South Korea
mood of the day,Yoo Yeon Seok,Moon Chae Won,Comedy,Romance,South Korea
moon embracing the sun,Han Ga In,Kim Soo Hyun,Historical,Romance,South Korea
moon lovers: scarlet heart ryeo,Lee Joon Gi,IU,Historical,Romance,South Korea
moonshine and valentine,Johnny Huang,Victoria Song,Romance,Drama,China
more than blue,Kwon Sang Woo,Lee Bo Young,Romance,Melodrama,South Korea
mother,Matsuyuki Yasuko,Ashida Mana,Thriller,Drama,Japan
mouse,Lee Seung Gi,Lee Hee Joon,Thriller,Mystery,South Korea
move to heaven,Lee Je Hoon,Tang Jun Sang,Life,Drama,South Korea
moving,Ryu Seung Ryong,Han Hyo Joo,Action,Thriller,South Korea
mr. heart,Han Se Jin,Cheon Seung Ho,Romance,Youth,South Korea
mr. pride vs. miss prejudice,Dilraba Dilmurat,Leon Zhang,Comedy,Romance,China
mr. queen,Shin Hye Sun,Kim Jung Hyun,Historical,Comedy,South Korea
mr. sunshine,Lee Byung Hun,Kim Tae Ri,Military,Historical,South Korea
mulan,Zhao Wei,Chen Kun,Military,Historical,China
my amazing boyfriend,Janice Wu,Kim Tae Hwan,Comedy,Romance,China
my annoying brother,Jo Jung Suk,Doh Kyung Soo,Comedy,Life,South Korea
"my boss, my hero",Jung Woong In,Jung Joon Ho,Action,Comedy,South Korea
my bromance,Fluke Teerapat Lohanan,Fluke Natouch Siripongthon,Romance,Drama,Thailand
my brother loves me too much,Tsuchiya Tao,Katayose Ryota,Romance,Youth,Japan
my demon,Kim You Jung,Song Kang,Action,Comedy,South Korea
my engineer,Cooper Patpasit Na Songkhla,Poy Kritsanapong Soonthornchatchawet,Comedy,Romance,Thailand
my father is strange,Kim Yeong Cheol,Kim Hae Sook,Comedy,Romance,South Korea
my girl,Lee Da Hae,Lee Dong Wook,Comedy,Romance,South Korea
my girlfriend is a gumiho,Lee Seung Gi,Shin Min Ah,Comedy,Romance,South Korea
my holo love,Yoon Hyun Min,Go Sung Hee,Romance,Drama,South Korea
my id is gangnam beauty,Im Soo Hyang,Cha Eun Woo,Psychological,Romance,South Korea
my little bride,Kim Rae Won,Moon Geun Young,Comedy,Romance,South Korea
my little happiness,Xing Fei,Tang Xiao Tian,Comedy,Romance,China
my little monster,Suda Masaki,Tsuchiya Tao,Comedy,Romance,Japan
my love from the star,Kim Soo Hyun,Jun Ji Hyun,Comedy,Romance,South Korea
my love story!!,Suzuki Ryohei,Nagano Mei,Comedy,Romance,Japan
my lovely liar,Kim So Hyun,Hwang Min Hyun,Mystery,Comedy,South Korea
my lovely sam soon,Kim Sun Ah,Hyun Bin,Food,Comedy,South Korea
my mister,Lee Sun Kyun,IU,Psychological,Life,South Korea
my name,Han So Hee,Park Hee Soon,Action,Thriller,South Korea
my p.s. partner,Ji Sung,Kim Ah Joong,Comedy,Romance,South Korea
my princess,Song Seung Heon,Kim Tae Hee,Comedy,Romance,South Korea
my rainy days,Sasaki Nozomi,Tanihara Shosuke,Romance,Drama,Japan
my roommate is a detective,Hu Yi Tian,Leon Zhang,Thriller,Historical,China
my roommate is a gumiho,Jang Ki Yong,Lee Hye Ri,Comedy,Romance,South Korea
my sassy girl,Cha Tae Hyun,Jun Ji Hyun,Comedy,Romance,South Korea
my secret romance,Sung Hoon,Song Ji Eun,Comedy,Romance,South Korea
my sweet dear,Jang Eui Soo,Lee Chan Hyung,Food,Romance,South Korea
my teacher,Hirose Suzu,Ikuta Toma,Romance,Youth,Japan
"my tomorrow, your yesterday",Fukushi Sota,Komatsu Nana,Romance,Youth,Japan
my tutor friend,Kim Ha Neul,Kwon Sang Woo,Comedy,Romance,South Korea
mysterious love,Yilia Yu,Tsao Yu Ning,Action,Thriller,China
mystery to iunakare,Suda Masaki,Ito Sairi,Mystery,Psychological,Japan
mystic pop-up bar,Hwang Jung Eum,Yook Sung Jae,Mystery,Comedy,South Korea
navillera,Park In Hwan,Song Kang,Life,Drama,South Korea
"nee sensei, shiranai no?",Baba Fumika,Akaso Eiji,Business,Romance,Japan
new world,Lee Jung Jae,Choi Min Shik,Action,Crime,South Korea
nigeru wa haji da ga yaku ni tatsu,Aragaki Yui,Hoshino Gen,Comedy,Romance,Japan
night flight,Kwak Shi Yang,Lee  Jae Joon,Romance,Youth,South Korea
nightmare teacher,Kim So Hyun,Lee Min Hyuk,Mystery,Horror,South Korea
nirvana in fire,Hu Ge,Liu Tao,Military,Historical,China
nisekoi,Nakajima Kento,Nakajo Ayami,Comedy,Romance,Japan
no breathing,Lee Jong Suk,Seo In Guk,Youth,Drama,South Korea
no touching at all,Yonehara Kousuke,Taniguchi Masashi,Psychological,Romance,Japan
"noble, my love",Sung Hoon,Kim Jae Kyung,Comedy,Romance,South Korea
nobleman ryu's wedding,Kang In Soo,Han Se Jin,Historical,Comedy,South Korea
nobody knows,Kim Seo Hyung,Ryu Deok Hwan,Thriller,Mystery,South Korea
nobunaga concerto,Oguri Shun,Shibasaki Ko,Action,Military,Japan
nobuta wo produce,Kamenashi Kazuya,Yamashita Tomohisa,Comedy,Youth,Japan
nodame cantabile,Ueno Juri,Tamaki Hiroshi,Music,Comedy,Japan
not me,Gun Atthaphan Phunsawat,Off Jumpol Adulkittiporn,Action,Thriller,Thailand
oh my ghost,Park Bo Young,Jo Jung Suk,Thriller,Comedy,South Korea
oh my venus,So Ji Sub,Shin Min Ah,Comedy,Law,South Korea
okja,Ahn Seo Hyun,Tilda Swinton,Action,Adventure,South Korea
old boy,Choi Min Shik,Yoo Ji Tae,Action,Thriller,South Korea
old fashion cupcake,Takeda Kouhei,Kimura Tatsunari,Romance,Life,Japan
on your wedding day,Park Bo Young,Kim Young Kwang,Romance,Melodrama,South Korea
once again,Lee Hyun Jun,Moon Ji Yong,Romance,Supernatural,South Korea
once we get married,Wang Yu Wen,Wang Zi Qi,Comedy,Romance,China
one and only,Huang Bo,Wang Yi Bo,Comedy,Youth,China
one day,Chun Woo Hee,Kim Nam Gil,Drama,Melodrama,South Korea
one more happy ending,Jang Na Ra,Jung Kyung Ho,Comedy,Romance,South Korea
one piece,Inaki Godoy,Mackenyu,Action,Adventure,Japan
one smile is very alluring,Angelababy,Jing Bo Ran,Romance,Youth,China
one spring night,Han Ji Min,Jung Hae In,Romance,Life,South Korea
one week friends,Yamazaki Kento,Kawaguchi Haruna,Psychological,Romance,Japan
orange,Tsuchiya Tao,Yamazaki Kento,Psychological,Romance,Japan
orange days,Tsumabuki Satoshi,Shibasaki Ko,Romance,Life,Japan
orange marmalade,Kim Seol Hyun,Yeo Jin Goo,Historical,Romance,South Korea
ossan's love,Edan Lui,Anson Lo,Comedy,Romance,Hong Kong
our beloved summer,Choi  Woo Shik,Kim Da Mi,Romance,Life,South Korea
our dating sim,Lee Seung Gyu,Lee Jong Hyuk,Business,Romance,South Korea
our little sister,Ayase Haruka,Nagasawa Masami,Life,Drama,Japan
our meal for tomorrow,Nakajima Yuto,Araki Yuko,Romance,Life,Japan
our times,Vivian Sung,Darren Wang,Comedy,Romance,Taiwan
ouran high school host club,Kawaguchi Haruna,Yamamoto Yusuke,Comedy,Romance,Japan
ouroboros,Ikuta Toma,Oguri Shun,Action,Thriller,Japan
p to jk,Tsuchiya Tao,Kamenashi Kazuya,Comedy,Romance,Japan
page turner,Kim So Hyun,Kim Ji Soo,Music,Comedy,South Korea
paradise kiss,Mukai Osamu,Kitagawa Keiko,Business,Comedy,Japan
parasite,Song Kang Ho,Lee Sun Kyun,Thriller,Comedy,South Korea
parasyte: part 1,Sometani Shota,Abe  Sadawo,Action,Horror,Japan
peach girl,Yamamoto Mizuki,Inoo Kei,Comedy,Romance,Japan
pee mak,Mario Maurer,Mai Davika Hoorne,Horror,Comedy,Thailand
peninsula,Kang Dong Won,Lee Jung Hyun,Action,Horror,South Korea
penny pinchers,Song Joong Ki,Han Ye Seul,Comedy,Romance,South Korea
perfect and casual,Miles Wei,Xu Ruo Han,Comedy,Romance,China
perfect marriage revenge,Sung Hoon,Jung Yoo Min,Business,Romance,South Korea
perfect world,Iwata Takanori,Sugisaki Hana,Romance,Life,Japan
personal taste,Lee Min Ho,Son Ye Jin,Comedy,Romance,South Korea
pinocchio,Lee Jong Suk,Park Shin Hye,Thriller,Mystery,South Korea
playful kiss,Kim Hyun Joong,Jung So Min,Comedy,Romance,South Korea
playful kiss youtube edition,Jung So Min,Kim Hyun Joong,Comedy,Romance,South Korea
please tell me so,Han Hyun Jun,Ahn Jong Sun,Romance,Life,South Korea
postman to heaven,Han Hyo Joo,Kim Jae Joong,Romance,Drama,South Korea
present perfect,Joke Kritsana Maroukasonti,Ice Adisorn Tonawanik,Romance,Drama,Thailand
prime minister and i,Im Yoon Ah,Lee Bum Soo,Comedy,Romance,South Korea
prison playbook,Park Hae Soo,Jung Kyung Ho,Comedy,Crime,South Korea
protect the boss,Choi Kang Hee,Ji Sung,Business,Comedy,South Korea
psychopath diary,Yoon Shi Yoon,Jung In Sun,Thriller,Mystery,South Korea
put your head on my shoulder,Xing Fei,Lin Yi,Comedy,Romance,China
queen in hyun's man,Ji Hyun Woo,Yoo In Na,Historical,Comedy,South Korea
queen of tears,Kim Soo Hyun,Kim Ji Won,Comedy,Romance,South Korea
queen of the ring,Kim Seul Gi,Ahn Hyo Seop,Comedy,Romance,South Korea
rashomon,Mifune Toshiro,Kyo Machiko,Thriller,Historical,Japan
reborn rich,Song Joong Ki,Lee Sung Min,Business,Drama,South Korea
record of youth,Park Bo Gum,Park So Dam,Romance,Life,South Korea
reincarnation love,Lee Do Hyun,Go Min Si,Comedy,Romance,South Korea
relife,Nakagawa Taishi,Taira Yuna,Romance,Youth,Japan
reminders,Mean Phiravich Attachitsataporn,Plan Rathavit Kijworalak,Comedy,Romance,Thailand
reply 1988,Lee Hye Ri,Go Kyung Pyo,Comedy,Romance,South Korea
reply 1997,Jung Eun Ji,Seo In Guk,Comedy,Romance,South Korea
reset,Bai Jing Ting,Zhao Jin Mai,Thriller,Mystery,China
restart after come back home,Furukawa Yuki,Ryusei Ryo,Romance,Life,Japan
"rich man, poor woman",Oguri Shun,Ishihara Satomi,Business,Comedy,Japan
"rich man, poor woman in new york",Ishihara Satomi,Oguri Shun,Comedy,Romance,Japan
ring,Matsushima Nanako,Sanada Hiroyuki,Mystery,Horror,Japan
romance is a bonus book,Lee Na Young,Lee Jong Suk,Business,Comedy,South Korea
rooftop prince,Park Yoo Chun,Han Ji Min,Historical,Comedy,South Korea
roommate,Lee Dong Wook,Nana,Comedy,Life,South Korea
run on,Yim Si Wan,Shin Sae Kyeong,Romance,Life,South Korea
rurouni kenshin,Satoh Takeru,Takei Emi,Action,Adventure,Japan
rurouni kenshin: kyoto inferno,Satoh Takeru,Takei Emi,Action,Adventure,Japan
rurouni kenshin: the beginning,Satoh Takeru,Arimura Kasumi,Action,Historical,Japan
rurouni kenshin: the final,Satoh Takeru,Takei Emi,Action,Adventure,Japan
rurouni kenshin: the legend ends,Satoh Takeru,Takei Emi,Action,Adventure,Japan
sachiiro no one room,Yamada Anna,Uesugi Shuhei,Thriller,Psychological,Japan
sassy go go,Jung Eun Ji,Lee Won Keun,Romance,Youth,South Korea
save me,Kim Jae Wook,Kim So Yi,Thriller,Mystery,South Korea
"say ""i love you""",Kawaguchi Haruna,Fukushi Sota,Romance,Youth,Japan
scandal makers,Cha Tae Hyun,Park Bo Young,Comedy,Drama,South Korea
scent of a woman,Kim Sun Ah,Lee Dong Wook,Comedy,Romance,South Korea
school 2013,Lee Jong Suk,Kim Woo Bin,Mystery,Youth,South Korea
school 2017,Kim Se Jeong,Kim Jung Hyun,Mystery,Comedy,South Korea
search: www,Lim Soo Jung,Lee Da Hee,Business,Comedy,South Korea
secret,Ji Sung,Hwang Jung Eum,Romance,Drama,South Korea
secret garden,Hyun Bin,Ha Ji Won,Comedy,Romance,South Korea
secret love affair,Yoo Ah In,Kim Hee Ae,Music,Romance,South Korea
secretly greatly,Kim Soo Hyun,Lee Hyun Woo,Action,Comedy,South Korea
seducing mr. perfect,Uhm Jung Hwa,Daniel Henney,Comedy,Romance,South Korea
see you in my 19th life,Shin Hye Sun,Ahn Bo Hyun,Comedy,Romance,South Korea
sell your haunted house,Jang Na Ra,Jung Yong Hwa,Thriller,Mystery,South Korea
semantic error,Park Seo Ham,Park Jae Chan,Comedy,Romance,South Korea
senior secret love: puppy honey,Kang Korn Sirisorn,Cherreen Nachjaree Horvejkul,Comedy,Romance,Thailand
seobok,Gong Yoo,Park Bo Gum,Action,Thriller,South Korea
seondal: the man who sells the river,Yoo Seung Ho,Jo Jae Hyun,Adventure,Historical,South Korea
seven days: friday - sunday,Hirose Tomoki,Yamada James Takeshi,Romance,Youth,Japan
seven days: monday - thursday,Hirose Tomoki,Yamada James Takeshi,Romance,Youth,Japan
seven samurai,Shimura Takashi,Mifune Toshiro,Action,Adventure,Japan
sh**ting stars,Lee Sung Kyung,Kim Young Dae,Comedy,Romance,South Korea
shadow,Deng Chao,Betty Sun,Wuxia,Drama,China
shanai marriage honey,Itagaki Mizuki,Matsui Airi,Comedy,Romance,Japan
shaolin soccer,Stephen Chow,Ng Man Tat,Action,Comedy,Hong Kong
she was pretty,Hwang Jung Eum,Park Seo Joon,Comedy,Romance,South Korea
she's dating the gangster,Kathryn Bernardo,Daniel Padilla,Comedy,Romance,Philippines
shining inheritance,Han Hyo Joo,Lee Seung Gi,Romance,Melodrama,South Korea
shoot my heart,Lee Min Ki,Yeo Jin Goo,Psychological,Drama,South Korea
shoplifters,Lily Franky,Ando Sakura,Mystery,Crime,Japan
shopping king louie,Seo In Guk,Nam Ji Hyun,Comedy,Romance,South Korea
shut up: flower boy band,Sung Joon,Jo Bo Ah,Music,Romance,South Korea
signal,Lee Je Hoon,Kim Hye Soo,Thriller,Mystery,South Korea
silenced,Gong Yoo,Jung Yu Mi,Mystery,Psychological,South Korea
silent,Kawaguchi Haruna,Meguro Ren,Romance,Life,Japan
silhouette of your voice,Tawada Hideya,Onodera Akira,Life,Youth,Japan
sky castle,Yeom Jung Ah,Lee Tae Ran,Mystery,Psychological,South Korea
sky of love,Aragaki Yui,Miura Haruma,Romance,Youth,Japan
snowdrop,Jung Hae In,Kim Ji Soo,Romance,Drama,South Korea
so i married an anti-fan,Park Chan Yeol,Mabel Yuan,Comedy,Romance,China
so young 2: so you're still here,Kris Wu,Crystal Liu,Comedy,Romance,China
someday or one day,Ko Chia Yen,Greg Hsu,Thriller,Romance,Taiwan
somehow 18,Choi Min Ho,Lee Yoo Bi,Comedy,Romance,South Korea
something about 1 percent,Ha Seok Jin,Jeon So Min,Comedy,Romance,South Korea
something in the rain,Son Ye Jin,Jung Hae In,Business,Romance,South Korea
somewhere only we know,Wang Li Kun,Kris Wu,Romance,Life,China
"soredemo, ikite yuku",Nagayama Eita,Mitsushima Hikari,Psychological,Drama,Japan
sotus,Krist Perawat Sangpotirat,Singto Prachaya Ruangroj,Comedy,Romance,Thailand
sotus s,Singto Prachaya Ruangroj,Krist Perawat Sangpotirat,Romance,Youth,Thailand
soundtrack #1,Park Hyung Sik,Han So Hee,Music,Romance,South Korea
space sweepers,Song Joong Ki,Kim Tae Ri,Action,Adventure,South Korea
spellbound,Son Ye Jin,Lee Min Ki,Horror,Comedy,South Korea
splash splash love,Yoon Doo Joon,Kim Seul Gi,Historical,Comedy,South Korea
squid game,Lee Jung Jae,Park Hae Soo,Action,Thriller,South Korea
squid game season 2,Lee Jung Jae,Lee Byung Hun,Action,Thriller,South Korea
stand by me,Lee Soon Jae,Jung Ji Hoon,Drama,Family,South Korea
start-up,Bae Suzy,Nam Joo Hyuk,Business,Comedy,South Korea
stay with me,Xu Bin,Zhang Jiong Min,Life,Youth,China
step for you,Lee Kang San,Ahn Dae Kyum,Romance,N/A,South Korea
still 2gether,Win Metawin Opas-iamkajorn,Bright Vachirawit Chivaaree,Music,Comedy,Thailand
story of kunning palace,Bai Lu,Zhang Ling He,Historical,Romance,China
stranger,Cho Seung Woo,Bae Doo Na,Thriller,Mystery,South Korea
strangers from hell,Yim Si Wan,Lee Dong Wook,Thriller,Horror,South Korea
strawberry night,Takeuchi Yuko,Ukaji Takashi,Mystery,Drama,Japan
strobe edge,Arimura Kasumi,Fukushi Sota,Romance,Youth,Japan
strong woman do bong soon,Park Bo Young,Park Hyung Sik,Action,Comedy,South Korea
suddenly seventeen,Ni Ni,Wallace Huo,Comedy,Romance,China
suits,Jang Dong Gun,Park Hyung Sik,Action,Business,South Korea
suki na hito ga iru koto,Kiritani Mirei,Yamazaki Kento,Food,Comedy,Japan
summerdaze,Alfred Sng,David Eung,Romance,Youth,South Korea
sungkyunkwan scandal,Park Yoo Chun,Park Min Young,Historical,Comedy,South Korea
sunny,Shim Eun Kyung,Kang So Ra,Comedy,Life,South Korea
surplus princess,Jo Bo Ah,Ohn Joo Wan,Comedy,Romance,South Korea
suspicious partner,Ji Chang Wook,Nam Ji Hyun,Thriller,Comedy,South Korea
sweet home,Song Kang,Lee Jin Wook,Action,Horror,South Korea
sweet home season 2,Song Kang,Lee Si Young,Action,Horror,South Korea
switch girl!! season 2,Kiriyama Renn,Nishiuchi Mariya,Comedy,Romance,Japan
switched,Tomita Miu,Kiyohara Kaya,Thriller,Psychological,Japan
tale of the nine-tailed,Lee Dong Wook,Jo Bo Ah,Thriller,Horror,South Korea
tatta hitotsu no koi,Kamenashi Kazuya,Ayase Haruka,Romance,Youth,Japan
taxi driver,Lee Je Hoon,Esom,Action,Thriller,South Korea
terius behind me,So Ji Sub,Jung In Sun,Action,Mystery,South Korea
tharntype,Mew Suppasit Jongcheveevat,Gulf Kanawut Traipipattanapong,Romance,Youth,Thailand
tharntype special: our final love,Mew Suppasit Jongcheveevat,Gulf Kanawut Traipipattanapong,Romance,Youth,Thailand
"that winter, the wind blows",Zo In Sung,Song Hye Kyo,Romance,Crime,South Korea
the 8-year engagement,Satoh Takeru,Tsuchiya Tao,Romance,Life,Japan
the beauty inside,Han Hyo Joo,Kim Dae Myung,Romance,Drama,South Korea
the black devil and the white prince,Komatsu Nana,Nakajima Kento,Romance,Youth,Japan
the boy next door,Choi  Woo Shik,Jang Ki Yong,Comedy,Romance,South Korea
the bridal mask,Joo Won,Jin Se Yeon,Action,Historical,South Korea
the call,Park Shin Hye,Jeon Jong Seo,Thriller,Mystery,South Korea
the classic,Son Ye Jin,Cho Seung Woo,Romance,Youth,South Korea
the con artists,Kim Woo Bin,Ko Chang Seok,Action,Thriller,South Korea
the cornered mouse dreams of cheese,Okura Tadayoshi,Narita Ryo,Romance,Life,Japan
the devil judge,Ji Sung,Kim Min Jung,Mystery,Law,South Korea
the divine fury,Park Seo Joon,Ahn Sung Ki,Action,Thriller,South Korea
the double,Wu Jin Yan,Wang Xing Yue,Historical,Mystery,China
the dude in me,Jung Jin Young,Park Sung Woong,Action,Comedy,South Korea
the eternal love,Xing Zhao Lin,Liang Jie,Historical,Comedy,China
the eternal love season 2,Xing Zhao Lin,Liang Jie,Romance,Wuxia,China
the fiery priest,Kim Nam Gil,Kim Sung Kyun,Action,Mystery,South Korea
the flu,Jang Hyuk,Park Soo Ae,Action,Thriller,South Korea
the ghost bride,Huang Pei Jia,Wu Kang Ren,Thriller,Historical,Taiwan
the gifted,Nanon Korapat Kirdpan,Chimon Wachirawit Ruangwiwat,Thriller,Mystery,Thailand
the girl who sees scents,Park Yoo Chun,Shin Sae Kyeong,Mystery,Romance,South Korea
the glory,Song Hye Kyo,Lee Do Hyun,Thriller,Drama,South Korea
the glory part 2,Song Hye Kyo,Lee Do Hyun,Thriller,Drama,South Korea
the great shaman ga doo shim,Kim Sae Ron,Nam  Da Reum,Mystery,Romance,South Korea
the greatest love,Cha Seung Won,Gong Hyo Jin,Business,Comedy,South Korea
the guest,Kim Dong Wook,Kim Jae Wook,Thriller,Mystery,South Korea
the handmaiden,Kim Min Hee,Kim Tae Ri,Thriller,Historical,South Korea
the happy loner,Gong Myung,Min Hyo Rin,Comedy,Romance,South Korea
the heirs,Lee Min Ho,Park Shin Hye,Comedy,Romance,South Korea
the host,Song Kang Ho,Byun Hee Bong,Action,Thriller,South Korea
the hymn of death,Lee Jong Suk,Shin Hye Sun,Music,Historical,South Korea
the innocent man,Moon Chae Won,Song Joong Ki,Romance,Drama,South Korea
the judge from hell,Park Shin Hye,Kim Jae Young,Thriller,Mystery,South Korea
the k2,Ji Chang Wook,Im Yoon Ah,Action,Thriller,South Korea
the king and the clown,Kam Woo Sung,Jung Jin Young,Historical,Drama,South Korea
the king's affection,Park Eun Bin,Ro Woon,Historical,Romance,South Korea
the king: eternal monarch,Lee Min Ho,Kim Go Eun,Mystery,Romance,South Korea
the last princess,Son Ye Jin,Park Hae Il,Historical,Drama,South Korea
the legend of the blue sea,Jun Ji Hyun,Lee Min Ho,Comedy,Romance,South Korea
the legends,Bai Lu,Xu Kai,Romance,Wuxia,China
the liar and his lover,Lee Hyun Woo,Joy,Music,Comedy,South Korea
the light in your eyes,Han Ji Min,Kim Hye Ja,Romance,Life,South Korea
the long ballad,Dilraba Dilmurat,Leo Wu,Action,Historical,China
the lost tomb,Li Yi Feng,Tiffany Tang,Action,Adventure,China
the lover,Oh Jung Se,Ryu Hyun Kyung,Comedy,Romance,South Korea
the magician,Yoo Seung Ho,Go A Ra,Historical,Romance,South Korea
the man from nowhere,Won Bin,Kim Sae Ron,Action,Thriller,South Korea
the master's sun,Gong Hyo Jin,So Ji Sub,Horror,Comedy,South Korea
the moment,Pon Thanapon Aiemkumchai,Bank Thanathip Srithongsuk,Romance,Drama,Thailand
the negotiation,Hyun Bin,Son Ye Jin,Action,Thriller,South Korea
the novelist,Takezai Terunosuke,Izuka Kenta,Psychological,Romance,Japan
the pirates,Kim Nam Gil,Son Ye Jin,Action,Adventure,South Korea
the pirates 2: the last royal treasure,Kang Ha Neul,Han Hyo Joo,Action,Adventure,South Korea
the princess and the matchmaker,Lee Seung Gi,Shim Eun Kyung,Historical,Comedy,South Korea
the producers,Cha Tae Hyun,Gong Hyo Jin,Comedy,Romance,South Korea
the red sleeve,Lee Jun Ho,Lee Se Young,Historical,Romance,South Korea
the romance of tiger and rose,Zhao Lu Si,Ding Yu Xi,Historical,Comedy,China
the royal tailor,Han Seok Kyu,Go Soo,Historical,Drama,South Korea
the scholar who walks the night,Lee Joon Gi,Lee Yoo Bi,Historical,Mystery,South Korea
the school nurse files,Jung Yu Mi,Nam Joo Hyuk,Mystery,Horror,South Korea
the secret life of my secretary,Kim Young Kwang,Jin Ki Joo,Business,Comedy,South Korea
the silent sea,Bae Doo Na,Gong Yoo,Thriller,Mystery,South Korea
the smile has left your eyes,Seo In Guk,Jung So Min,Thriller,Mystery,South Korea
the sound of magic,Ji Chang Wook,Choi Sung Eun,Music,Psychological,South Korea
the sound of your heart,Lee Kwang Soo,Kim Dae Myung,Comedy,Life,South Korea
the story of ming lan,Zhao Li Ying,Feng Shao Feng,Historical,Romance,China
the swindlers,Hyun Bin,Yoo Ji Tae,Action,Thriller,South Korea
the tale of nokdu,Jang Dong Yoon,Kim So Hyun,Action,Historical,South Korea
the thieves,Kim Yoon Seok,Kim Hye Soo,Action,Thriller,South Korea
the uncanny counter,Cho Byeong Kyu,Yoo  Joon Sang,Action,Mystery,South Korea
the universeâ€™s star,Suho,Ji Woo,Music,Romance,South Korea
the untamed,Xiao Zhan,Wang Yi Bo,Mystery,Wuxia,China
the vampire lives next door to us,Ji Sung,Park So Dam,Comedy,Drama,South Korea
the villainess,Kim Ok Bin,Shin Ha Kyun,Action,Thriller,South Korea
the wailing,Kwak Do Won,Hwang Jung Min,Thriller,Mystery,South Korea
the witch: part 1. the subversion,Kim Da Mi,Jo Min Soo,Action,Thriller,South Korea
the witness,Lee Sung Min,Kim  Sang Ho,Thriller,N/A,South Korea
the world of the married,Kim Hee Ae,Park Hae Joon,Thriller,Romance,South Korea
the yin yang master,Chen Kun,Zhou Xun,Wuxia,Drama,China
the yin-yang master: dream of eternity,Mark Chao,Deng Lun,Mystery,Wuxia,China
theory of love,Off Jumpol Adulkittiporn,Gun Atthaphan Phunsawat,Comedy,Romance,Thailand
they kiss again,Joe Cheng,Ariel Lin,Comedy,Romance,Taiwan
thirty but seventeen,Shin Hye Sun,Yang Se Jong,Music,Mystery,South Korea
this is not what i expected,Kaneshiro Takeshi,Zhou Dong Yu,Food,Comedy,China
through the darkness,Kim Nam Gil,Jin Seon Kyu,Thriller,Mystery,South Korea
time,Kim Jung Hyun,Seo Hyun,Mystery,Melodrama,South Korea
time renegades,Lim Soo Jung,Lee Jin Wook,Thriller,Romance,South Korea
to each his own,Kudo Asuka,Fukushi Sota,Life,Drama,Japan
to my star,Son Woo Hyun,Kim Kang Min,Comedy,Romance,South Korea
to the beautiful you,Sulli,Choi Min Ho,Comedy,Romance,South Korea
today's kira-kun,Iitoyo Marie,Nakagawa Taishi,Romance,Youth,Japan
todome no kiss,Yamazaki Kento,Kadowaki Mugi,Thriller,Mystery,Japan
todome no parallel,Yamazaki Kento,Kadowaki Mugi,Thriller,Mystery,Japan
together with me,Max Nattapol Diloknawarit,Tul Pakorn Thanasrivanitchai,Comedy,Romance,Thailand
tomorrow,Kim Hee Sun,Ro Woon,Action,Thriller,South Korea
tomorrow with you,Lee Je Hoon,Shin Min Ah,Romance,Drama,South Korea
touch your heart,Lee Dong Wook,Yoo In Na,Comedy,Law,South Korea
train,Yoon Shi Yoon,Kyung Soo Jin,Thriller,Mystery,South Korea
train to busan,Gong Yoo,Jung Yu Mi,Action,Thriller,South Korea
triad princess,Eugenie Liu,Jasper Liu,Action,Comedy,Taiwan
triage,Tae Darvid Kreepolrerk,Tee Thanapon Jarujitranon,Thriller,Romance,Thailand
true beauty,Mun Ka Young,Cha Eun Woo,Comedy,Romance,South Korea
tsuge & minato,Asaka Kodai,Yutaro,Romance,N/A,Japan
tune in for love,Jung Hae In,Kim Go Eun,Romance,Life,South Korea
tunnel,Choi Jin Hyuk,Yoon Hyun Min,Thriller,Mystery,South Korea
twenty,Kim Woo Bin,Lee Jun Ho,Comedy,Romance,South Korea
twenty again,Choi Ji Woo,Lee Sang Yoon,Comedy,Romance,South Korea
twenty years old,Lee Gi Kwang,Lee Da In,Music,Romance,South Korea
twenty-five twenty-one,Kim Tae Ri,Nam Joo Hyuk,Romance,Life,South Korea
twinkling watermelon,Ryeoun,Choi Hyun Wook,Romance,Youth,South Korea
two lights: relumino,Han Ji Min,Park Hyung Sik,Romance,Life,South Korea
two weeks,Lee Joon Gi,Kim So Yeon,Action,Thriller,South Korea
ugly duckling series: perfect match,Push Puttichai Kasetsin,Mook Worranit Thawornwong,Comedy,Romance,Thailand
uncontrollably fond,Kim Woo Bin,Bae Suzy,Comedy,Romance,South Korea
under the queen's umbrella,Kim Hye Soo,Kim Hae Sook,Historical,Comedy,South Korea
under the skin,Tan Jian Ci,Jin Shi Jia,Thriller,Mystery,China
unforgettable,Doh Kyung Soo,Kim So Hyun,Romance,Drama,South Korea
unforgettable love,Miles Wei,Hu Yi Xuan,Comedy,Romance,China
unlocked,Chun Woo Hee,Yim Si Wan,Thriller,Mystery,South Korea
unnatural,Ishihara Satomi,Iura Arata,Thriller,Mystery,Japan
until we meet again,Fluke Natouch Siripongthon,Ohm Thitiwat Ritprasert,Food,Romance,Thailand
us and them,Jing Bo Ran,Zhou Dong Yu,Romance,Life,China
utsukushii kare,Hagiwara Riku,Yagi Yusei,Psychological,Romance,Japan
v.i.p.,Kim Myung Min,Jang Dong Gun,Action,Thriller,South Korea
vagabond,Lee Seung Gi,Bae Suzy,Action,Thriller,South Korea
valentine's day / rokkaku,Akaso Eiji,Machida Keita,Comedy,Romance,Japan
vampire prosecutor,Yeon Jung Hoon,Lee Young Ah,Action,Mystery,South Korea
veteran,Hwang Jung Min,Yoo Ah In,Action,Thriller,South Korea
vincenzo,Song Joong Ki,Jeon Yeo Been,Comedy,Law,South Korea
vivid romance,Yoon Shi Yoon,Jo Soo Hyang,Comedy,Romance,South Korea
voice,Pancake Khemanit Jamikorn,Andrew Gregson,Thriller,Mystery,Thailand
w,Han Hyo Joo,Lee Jong Suk,Thriller,Comedy,South Korea
warm and cozy,Kang So Ra,Yoo Yeon Seok,Food,Comedy,South Korea
watashitachi wa douka shiteiru,Hamabe Minami,Yokohama Ryusei,Food,Thriller,Japan
we best love: fighting mr. 2nd,YU,Sam Lin,Romance,Youth,Taiwan
we best love: no. 1 for you,YU,Sam Lin,Romance,Youth,Taiwan
we best love: no. 1 for you - special episode 6.5,YU,Sam Lin,Romance,Drama,Taiwan
weak hero class 1,Park Ji Hoon,Choi Hyun Wook,Action,Youth,South Korea
wednesday 3:30 pm,Lee Hong Bin,Jin Ki Joo,Comedy,Romance,South Korea
weightlifting fairy kim bok joo,Lee Sung Kyung,Nam Joo Hyuk,Comedy,Romance,South Korea
well-intended love,Xu Kai Cheng,Simona Wang,Comedy,Romance,China
what's wrong with secretary kim,Park Min Young,Park Seo Joon,Business,Comedy,South Korea
when a snail falls in love,Wang Kai,Wang Zi Wen,Thriller,Mystery,China
when i fly towards you,Zhou Yi Ran,Zhang Miao Yi,Comedy,Romance,China
when the camellia blooms,Gong Hyo Jin,Kang Ha Neul,Thriller,Comedy,South Korea
when the weather is fine,Park Min Young,Seo Kang Joon,Romance,Life,South Korea
where stars land,Chae Soo Bin,Lee Je Hoon,Comedy,Romance,South Korea
where your eyes linger,Han Gi Chan,Jang Eui Soo,Romance,Youth,South Korea
while you were sleeping,Bae Suzy,Lee Jong Suk,Mystery,Romance,South Korea
white night,Son Ye Jin,Go Soo,Thriller,Mystery,South Korea
who are you,Namtan Tipnaree Weerawatnodom,Krist Perawat Sangpotirat,Mystery,Romance,Thailand
who are you: school 2015,Kim So Hyun,Nam Joo Hyuk,Mystery,Romance,South Korea
who rules the world,Yang Yang,Zhao Lu Si,Romance,Wuxia,China
why her?,Seo Hyun Jin,Hwang In Youp,Mystery,Law,South Korea
why r u?,Saint Suppapong Udomkaewkanjana,Zee Pruk Panich,Comedy,Romance,Thailand
windstruck,Jun Ji Hyun,Jang Hyuk,Comedy,Romance,South Korea
wish you: your melody from my heart,Kang In Soo,Lee Sang,Music,Romance,South Korea
witch's romance,Uhm Jung Hwa,Park Seo Joon,Business,Comedy,South Korea
wolf girl and black prince,Nikaido Fumi,Yamazaki Kento,Comedy,Romance,Japan
wonderful nightmare,Uhm Jung Hwa,Song Seung Heon,Comedy,Romance,South Korea
word of honor,Zhang Zhe Han,Gong Jun,Mystery,Wuxia,China
wuliang,Ding Cheng Xin,He Chang Xi,Wuxia,Drama,China
xxxholic,Kamiki Ryunosuke,Shibasaki Ko,Thriller,Mystery,Japan
yamada-kun to 7-nin no majo,Yamamoto Yusuke,Nishiuchi Mariya,Comedy,Romance,Japan
yamato nadeshiko shichi henge,Kamenashi Kazuya,Tegoshi Yuya,Comedy,Romance,Japan
yankee-kun to megane-chan,Narimiya Hiroki,Naka Riisa,Comedy,Youth,Japan
yesterday once more,Arthur Chen,Zhou Ye,Romance,Fantasy,China
you are my destiny,Xing Zhao Lin,Liang Jie,Comedy,Romance,China
you are my glory,Yang Yang,Dilraba Dilmurat,Comedy,Romance,China
you are my hero,Ma Si Chun,Bai Jing Ting,Military,Romance,China
you are the apple of my eye,Ko Chen Tung,Michelle Chen,Romance,Youth,Taiwan
you drive me crazy,Lee Yoo Young,Kim Seon Ho,Romance,Drama,South Korea
you make me dance,Choo Young Woo,Won Tae Min,Romance,Life,South Korea
you're all surrounded,Lee Seung Gi,Go A Ra,Action,Mystery,South Korea
you're beautiful,Jang Geun Suk,Park Shin Hye,Music,Comedy,South Korea
you're my pet,Jang Geun Suk,Kim Ha Neul,Comedy,Romance,South Korea
your lie in april,Yamazaki Kento,Hirose Suzu,Music,Psychological,Japan
your name engraved herein,Edward Chen,Tseng Ching Hua,Romance,Youth,Taiwan
yu yu hakusho,Kitamura Takumi,Uesugi Shuhei,Action,Adventure,Japan
yyy,Yoon Phusanu Wongsavanischakorn,Lay Talay Sanguandikul,Comedy,Romance,Thailand
zettai bl ni naru sekai vs zettai bl ni naritakunai otoko,Inukai Atsuhiro,Yutaro,Comedy,Romance,Japan
zombie detective,Choi Jin Hyuk,Park Ju Hyun,Thriller,Mystery,South Korea
